timestamp,cpu_utilization,memory_usage
2025-01-01 00:00:00,19.160384709644298,40.75060289738895
2025-01-01 00:05:00,11.880903120996564,36.84131570194552
2025-01-01 00:10:00,13.545839826146366,44.880687380832434
2025-01-01 00:15:00,20.615845261021285,41.822212018278805
2025-01-01 00:20:00,21.73303007473906,50.028970230018665
2025-01-01 00:25:00,20.966884830928322,46.38108716479323
2025-01-01 00:30:00,23.008833271016226,48.89570163809442
2025-01-01 00:35:00,23.99871888781216,38.35871628086903
2025-01-01 00:40:00,21.231441366798833,39.35722371736801
2025-01-01 00:45:00,24.812233663019462,30.48232906977333
2025-01-01 00:50:00,15.50529869206788,47.829847002257594
2025-01-01 00:55:00,19.08194355904113,36.78686101980687
2025-01-01 01:00:00,22.45541522075543,48.82054424120895
2025-01-01 01:05:00,14.149733076619627,37.863396200108035
2025-01-01 01:10:00,17.013901693756317,31.085590264310085
2025-01-01 01:15:00,22.323212721080306,49.25961260850313
2025-01-01 01:20:00,23.71713414935771,21.745915426168157
2025-01-01 01:25:00,5.751425908013143,43.865621716298975
2025-01-01 01:30:00,28.13758470114219,44.48099300477839
2025-01-01 01:35:00,20.720207642069553,44.533203908883394
2025-01-01 01:40:00,20.293122337828773,39.34992356272524
2025-01-01 01:45:00,16.89448466588518,45.453859585127994
2025-01-01 01:50:00,16.310914496072414,48.646369159910755
2025-01-01 01:55:00,15.949379970821948,36.5586721779595
2025-01-01 02:00:00,22.74718940380071,25.745941635767206
2025-01-01 02:05:00,26.457356102526624,43.26926865541137
2025-01-01 02:10:00,20.129483199417038,41.12346144789657
2025-01-01 02:15:00,21.22015650137637,48.74550561635308
2025-01-01 02:20:00,18.44348877282243,43.694736427111444
2025-01-01 02:25:00,23.545544677207914,46.58310022649366
2025-01-01 02:30:00,16.598651716636958,36.65569406988328
2025-01-01 02:35:00,27.70615527077661,36.6226385596948
2025-01-01 02:40:00,24.231171060035944,47.905812949455324
2025-01-01 02:45:00,15.760814727936907,37.95777159172579
2025-01-01 02:50:00,26.801919530449652,36.04141184611347
2025-01-01 02:55:00,11.60639543323552,40.91557818772604
2025-01-01 03:00:00,20.599866566837065,46.60499206319269
2025-01-01 03:05:00,16.990100338364954,40.79158331282374
2025-01-01 03:10:00,20.6992096073875,39.28193476451555
2025-01-01 03:15:00,18.11592683301033,33.90183816481573
2025-01-01 03:20:00,19.363925481732064,33.188308662816745
2025-01-01 03:25:00,19.76526348447122,27.65336346103168
2025-01-01 03:30:00,19.529323684651693,44.12896741702177
2025-01-01 03:35:00,20.2063605082207,39.458957054602905
2025-01-01 03:40:00,25.9415392737977,46.22000495715896
2025-01-01 03:45:00,10.239383299570871,45.0943187334932
2025-01-01 03:50:00,13.376470473562845,29.45795889673193
2025-01-01 03:55:00,17.585263549421576,43.56200080349627
2025-01-01 04:00:00,9.837051463285555,48.466134555651706
2025-01-01 04:05:00,21.837831551026216,43.80694767709245
2025-01-01 04:10:00,13.091025744538392,40.403592309849515
2025-01-01 04:15:00,21.397014718549915,38.11712618715601
2025-01-01 04:20:00,22.282506172275333,38.877912955454946
2025-01-01 04:25:00,17.015075987973983,58.444223122249696
2025-01-01 04:30:00,26.84721647152946,35.160027565513595
2025-01-01 04:35:00,9.110255884453007,35.55403946191988
2025-01-01 04:40:00,12.123995871590532,46.57598493130162
2025-01-01 04:45:00,12.653252561709452,42.80144765822309
2025-01-01 04:50:00,19.018924292735473,39.02891984782853
2025-01-01 04:55:00,23.32747817485339,29.41099329123653
2025-01-01 05:00:00,18.126276427808214,37.1966151079755
2025-01-01 05:05:00,24.518803770692635,51.52838970213648
2025-01-01 05:10:00,13.407304584808687,50.127925292377554
2025-01-01 05:15:00,16.614725936943486,41.408377724254876
2025-01-01 05:20:00,26.75139479198804,37.73330444668508
2025-01-01 05:25:00,24.972048169565447,51.678815402830125
2025-01-01 05:30:00,14.833155882688553,35.99844192213975
2025-01-01 05:35:00,21.282492368972353,37.081149308610435
2025-01-01 05:40:00,13.260273092323239,58.1600963521382
2025-01-01 05:45:00,16.977368325000636,43.868435193778616
2025-01-01 05:50:00,17.182503285689116,43.8789775277455
2025-01-01 05:55:00,21.983079771781696,45.60175502910958
2025-01-01 06:00:00,14.890470721885425,51.65801685017135
2025-01-01 06:05:00,14.780529343785133,39.08047894512929
2025-01-01 06:10:00,15.28960536575661,41.50057331761498
2025-01-01 06:15:00,27.356691293153368,50.770622262016595
2025-01-01 06:20:00,17.365876203451975,35.52202329793572
2025-01-01 06:25:00,22.739122574273885,29.879931738904535
2025-01-01 06:30:00,31.233603307973013,39.38515189485991
2025-01-01 06:35:00,20.26368112019561,49.076739021207366
2025-01-01 06:40:00,13.86517120501372,38.4336704604887
2025-01-01 06:45:00,5.354215215857208,36.66931015435772
2025-01-01 06:50:00,22.32906751643587,47.73058054319013
2025-01-01 06:55:00,13.006228444507428,52.30912915973235
2025-01-01 07:00:00,26.63832886878326,36.10805442130659
2025-01-01 07:05:00,21.260227191947937,48.27305080288331
2025-01-01 07:10:00,17.31045753041103,42.737361493963945
2025-01-01 07:15:00,28.80289767218117,49.137245943530004
2025-01-01 07:20:00,23.585931285711833,40.53676897584299
2025-01-01 07:25:00,5.018600026503531,39.983062518540265
2025-01-01 07:30:00,19.125790210672378,39.58069299488564
2025-01-01 07:35:00,17.570615584428662,34.237382032865455
2025-01-01 07:40:00,8.969122697938346,31.56327247780949
2025-01-01 07:45:00,21.332579639655474,28.635891707020455
2025-01-01 07:50:00,18.53851867150661,28.039529003374064
2025-01-01 07:55:00,19.299772797056605,34.851342414939374
2025-01-01 08:00:00,23.213186302852634,55.49088035452483
2025-01-01 08:05:00,22.89231073584297,35.76494182570345
2025-01-01 08:10:00,20.199360708626344,44.343297050883095
2025-01-01 08:15:00,24.7589135010926,32.7076967046969
2025-01-01 08:20:00,20.729172443169745,33.846542964291885
2025-01-01 08:25:00,15.652787143136564,50.838664792495
2025-01-01 08:30:00,16.530883289206617,34.87756314814308
2025-01-01 08:35:00,18.830150199487942,40.12802708772574
2025-01-01 08:40:00,22.875493233849458,44.470736617123926
2025-01-01 08:45:00,13.925633023620673,54.00163152248482
2025-01-01 08:50:00,25.58953729370943,25.51127814927022
2025-01-01 08:55:00,19.956992255107604,53.07210021624249
2025-01-01 09:00:00,14.34732162734598,36.945510509781066
2025-01-01 09:05:00,22.625695509799208,40.415679798349636
2025-01-01 09:10:00,26.70826380130172,25.891126565166058
2025-01-01 09:15:00,29.130501693598852,49.49053887739063
2025-01-01 09:20:00,31.274339452618072,40.861699885629214
2025-01-01 09:25:00,13.7917844646154,46.17166117940789
2025-01-01 09:30:00,15.384898469008968,27.155598093497137
2025-01-01 09:35:00,15.132544822744942,37.49707527881664
2025-01-01 09:40:00,17.21825203537567,37.491066567190586
2025-01-01 09:45:00,17.63425828344276,46.668543049317
2025-01-01 09:50:00,25.129350546950793,20.80058931214436
2025-01-01 09:55:00,17.7201343729936,44.942976269436656
2025-01-01 10:00:00,20.53878801170701,43.90246962992896
2025-01-01 10:05:00,25.221244081698856,40.64982540691246
2025-01-01 10:10:00,24.625543916128827,34.80043118635831
2025-01-01 10:15:00,25.34789696519178,41.731649282450356
2025-01-01 10:20:00,22.49370689143516,46.165981481321765
2025-01-01 10:25:00,14.61906394884663,50.916425467999986
2025-01-01 10:30:00,16.872210035110044,35.96532509194014
2025-01-01 10:35:00,18.562970394089962,33.76523551299027
2025-01-01 10:40:00,24.73200853834716,51.17110760893035
2025-01-01 10:45:00,23.906971675996697,41.66112452815331
2025-01-01 10:50:00,17.304707345116753,54.309561585839546
2025-01-01 10:55:00,21.657799493862946,47.689629921008546
2025-01-01 11:00:00,23.915251747036173,42.169351609739984
2025-01-01 11:05:00,21.698583627709024,39.90285760410554
2025-01-01 11:10:00,18.962341403936676,48.073262796426086
2025-01-01 11:15:00,14.37953416624823,49.848912462552576
2025-01-01 11:20:00,20.482788709747435,42.33399777316806
2025-01-01 11:25:00,20.6525218718676,52.382302811921576
2025-01-01 11:30:00,22.41415211747838,35.42816462805887
2025-01-01 11:35:00,21.06025598254523,32.00428985078626
2025-01-01 11:40:00,19.647151891890836,32.28736470071574
2025-01-01 11:45:00,25.31807734610452,50.7531796632035
2025-01-01 11:50:00,19.593870134753455,41.687992277403886
2025-01-01 11:55:00,22.925276452608518,42.866023633273294
2025-01-01 12:00:00,20.194409377573365,44.07520408459075
2025-01-01 12:05:00,17.88482717965143,46.91688834223724
2025-01-01 12:10:00,13.639711540338233,34.270164573376064
2025-01-01 12:15:00,18.131856726043083,16.51725093896397
2025-01-01 12:20:00,11.32176920810791,45.54656475078493
2025-01-01 12:25:00,20.306580874391592,37.34654267584613
2025-01-01 12:30:00,17.876213049077652,31.36966294849789
2025-01-01 12:35:00,20.134673738779345,45.90657853387859
2025-01-01 12:40:00,18.657588732128826,35.169162484875024
2025-01-01 12:45:00,16.131933654845596,41.684406961599024
2025-01-01 12:50:00,17.525132755299104,52.05552527731342
2025-01-01 12:55:00,18.015684334894512,41.79416658136114
2025-01-01 13:00:00,18.567575963825597,40.479267870179044
2025-01-01 13:05:00,20.095014804765388,42.80645015714839
2025-01-01 13:10:00,16.38872621594229,42.22056649701403
2025-01-01 13:15:00,23.24884749419927,26.002939523134135
2025-01-01 13:20:00,10.748234774595293,37.9815977522424
2025-01-01 13:25:00,15.95121277452432,31.242359949597102
2025-01-01 13:30:00,27.188602621666007,43.414753277816494
2025-01-01 13:35:00,24.984145331661814,48.32849165245836
2025-01-01 13:40:00,14.79936880187233,32.47999104085397
2025-01-01 13:45:00,17.254350540066618,39.75556835679067
2025-01-01 13:50:00,18.74167791476238,38.862111021257654
2025-01-01 13:55:00,17.758722761116935,43.18746650016823
2025-01-01 14:00:00,18.0420806042937,60.11500278602327
2025-01-01 14:05:00,16.34345861429883,56.40970679044919
2025-01-01 14:10:00,21.312922385375757,32.72867929653705
2025-01-01 14:15:00,18.516150055503697,40.04283498954905
2025-01-01 14:20:00,23.053381932363337,50.06740821624258
2025-01-01 14:25:00,13.824143715213799,44.720265633265164
2025-01-01 14:30:00,20.38728081557847,49.850872516077004
2025-01-01 14:35:00,25.879275932701198,50.784224475731335
2025-01-01 14:40:00,19.206255425226885,35.2737822629382
2025-01-01 14:45:00,20.33307897041143,18.485195078523542
2025-01-01 14:50:00,19.33082827295193,47.67604680699073
2025-01-01 14:55:00,19.83059246297424,35.305407325549155
2025-01-01 15:00:00,15.29544408521733,33.286552012949365
2025-01-01 15:05:00,17.191948128344816,34.72333076506357
2025-01-01 15:10:00,14.280522829738658,36.80625562528444
2025-01-01 15:15:00,23.746774897695303,39.00579105307015
2025-01-01 15:20:00,11.434960670512364,45.569378013659446
2025-01-01 15:25:00,21.49099853697742,40.340673298685545
2025-01-01 15:30:00,16.382447057931465,27.444627246090903
2025-01-01 15:35:00,23.76317540578558,44.23513380618718
2025-01-01 15:40:00,21.23461026321918,44.406388167968494
2025-01-01 15:45:00,21.187244099170353,37.653158935636746
2025-01-01 15:50:00,19.538304275369377,50.664589137049575
2025-01-01 15:55:00,26.201413941856412,32.867961234090394
2025-01-01 16:00:00,29.819979214792113,46.404698842568294
2025-01-01 16:05:00,19.01302899427731,38.82364789680284
2025-01-01 16:10:00,14.89504278582653,27.23094254523474
2025-01-01 16:15:00,20.056090223423112,48.24238197204995
2025-01-01 16:20:00,15.92621952232945,47.20813579579573
2025-01-01 16:25:00,16.761254311929836,41.81593789408822
2025-01-01 16:30:00,15.653348328701512,50.95935404834115
2025-01-01 16:35:00,22.650462128810155,40.424558516628814
2025-01-01 16:40:00,94.20189001521418,41.96122749742625
2025-01-01 16:45:00,91.02840354871215,41.50326985398536
2025-01-01 16:50:00,91.09564319296,43.616564372689446
2025-01-01 16:55:00,91.87374580194479,64.766735861214
2025-01-01 17:00:00,89.00558027565405,42.835566955092354
2025-01-01 17:05:00,93.54703659533934,36.88656625361294
2025-01-01 17:10:00,92.15742266570025,45.905052186523484
2025-01-01 17:15:00,91.49646433103572,36.45926939385053
2025-01-01 17:20:00,92.02029107375803,46.24510599262743
2025-01-01 17:25:00,92.06839272157356,32.85508068663778
2025-01-01 17:30:00,13.330045096537017,39.31053900654564
2025-01-01 17:35:00,23.717770842388575,49.94085736304543
2025-01-01 17:40:00,17.688117195193193,47.27994976094759
2025-01-01 17:45:00,12.673996984091954,37.776014595216644
2025-01-01 17:50:00,13.396968974543451,34.14665298900075
2025-01-01 17:55:00,22.987777125180266,38.972590020009775
2025-01-01 18:00:00,14.229926464906455,48.648651069142204
2025-01-01 18:05:00,21.805163878440215,40.19617721035728
2025-01-01 18:10:00,20.697369683326965,33.27501786870316
2025-01-01 18:15:00,22.072265076257477,46.4673747337869
2025-01-01 18:20:00,28.131042360649552,26.10517979778669
2025-01-01 18:25:00,22.59390641075453,55.18001955144713
2025-01-01 18:30:00,28.54225312311433,31.362245005572667
2025-01-01 18:35:00,22.46340681635875,43.73505187399871
2025-01-01 18:40:00,19.938733564305352,40.55577738794249
2025-01-01 18:45:00,10.8372332262724,39.29648669380502
2025-01-01 18:50:00,15.62469568072552,37.88426323932342
2025-01-01 18:55:00,16.405722846103743,42.66072385725684
2025-01-01 19:00:00,26.666575613526796,34.04604482260219
2025-01-01 19:05:00,28.53918654971937,40.43788751436293
2025-01-01 19:10:00,18.228430152035582,42.800982744376086
2025-01-01 19:15:00,19.64029945469103,35.17858456744715
2025-01-01 19:20:00,25.709753812237473,45.393500597564284
2025-01-01 19:25:00,20.887556910341292,41.89898724831063
2025-01-01 19:30:00,27.755260164660406,44.80900862318637
2025-01-01 19:35:00,18.994945076199325,37.142550355576546
2025-01-01 19:40:00,27.94681430071323,54.16737633894035
2025-01-01 19:45:00,17.039949128508013,45.829603531778986
2025-01-01 19:50:00,11.073298423709407,38.27175414519526
2025-01-01 19:55:00,17.21186432071725,47.51798187834714
2025-01-01 20:00:00,21.9899511838016,46.81253059886916
2025-01-01 20:05:00,18.407278639447654,37.665924184445984
2025-01-01 20:10:00,23.034677114430387,26.226752644846144
2025-01-01 20:15:00,23.91557624622433,35.339022192369654
2025-01-01 20:20:00,25.82384039276048,34.08663718145365
2025-01-01 20:25:00,17.32494976177247,44.71776845305224
2025-01-01 20:30:00,17.338510354085564,35.79597316298708
2025-01-01 20:35:00,22.92766894307544,36.82544330739054
2025-01-01 20:40:00,19.024869845257996,41.21887348006665
2025-01-01 20:45:00,24.248046311520735,34.993960020747224
2025-01-01 20:50:00,21.147042356491916,34.16464020691784
2025-01-01 20:55:00,22.526399340688403,31.605269397265786
2025-01-01 21:00:00,18.644787120809767,39.08489648100131
2025-01-01 21:05:00,20.289892115947723,35.98691978731662
2025-01-01 21:10:00,19.821066432654884,35.374000339336675
2025-01-01 21:15:00,16.11089624948813,48.431473590017426
2025-01-01 21:20:00,15.711315127459239,47.297064074279376
2025-01-01 21:25:00,22.528077633297553,44.07386062357053
2025-01-01 21:30:00,17.40431159012694,42.7387334727237
2025-01-01 21:35:00,22.15974694187155,33.33197918587162
2025-01-01 21:40:00,21.889170867124914,40.34226501873724
2025-01-01 21:45:00,13.81262202333329,22.463078315829147
2025-01-01 21:50:00,21.449263011179628,43.64022454790627
2025-01-01 21:55:00,17.846945724798832,28.693387672207002
2025-01-01 22:00:00,24.101228699779316,38.92446051029422
2025-01-01 22:05:00,21.394534040291184,31.006538045551675
2025-01-01 22:10:00,20.495500451306842,33.324141247925
2025-01-01 22:15:00,12.825517113728363,36.186525788795244
2025-01-01 22:20:00,16.684785194740172,40.93003900407924
2025-01-01 22:25:00,24.440492875108298,44.18488831526679
2025-01-01 22:30:00,18.742583387659156,24.70127666672183
2025-01-01 22:35:00,19.58569521098219,41.144686500095546
2025-01-01 22:40:00,21.4230819822238,37.15733286665298
2025-01-01 22:45:00,18.29311386085553,46.22289236491433
2025-01-01 22:50:00,24.960512123273666,44.231693569024344
2025-01-01 22:55:00,18.594323403696094,40.370350471305485
2025-01-01 23:00:00,21.839469811592338,31.932438806366264
2025-01-01 23:05:00,24.23471307663081,30.302603177148953
2025-01-01 23:10:00,16.978508198026674,50.587396977551904
2025-01-01 23:15:00,19.801858360198022,51.089651645259956
2025-01-01 23:20:00,17.438441854521365,40.70939969785492
2025-01-01 23:25:00,20.855653667948378,42.30083271748438
2025-01-01 23:30:00,17.338333345885964,39.250637931759684
2025-01-01 23:35:00,16.711055752870447,42.43459273943993
2025-01-01 23:40:00,26.299252874492794,37.462828906970906
2025-01-01 23:45:00,16.994544597406986,49.51635704716069
2025-01-01 23:50:00,20.634681171881272,38.47998663269432
2025-01-01 23:55:00,19.200954654516238,48.30208276764016
2025-01-02 00:00:00,17.857870111821107,42.65510997878869
2025-01-02 00:05:00,19.21329708300653,28.58400886389647
2025-01-02 00:10:00,20.852133472064676,41.46317769803433
2025-01-02 00:15:00,18.525851532015043,46.82070074386391
2025-01-02 00:20:00,22.46236533457683,36.40577160618085
2025-01-02 00:25:00,25.102099469551813,32.71433967403537
2025-01-02 00:30:00,15.176315212953114,36.38457840210463
2025-01-02 00:35:00,14.11653486284992,42.18075568072026
2025-01-02 00:40:00,24.327325192211802,39.82675883233267
2025-01-02 00:45:00,21.109916837519926,32.410056740214635
2025-01-02 00:50:00,23.74551855346289,53.26571032377869
2025-01-02 00:55:00,18.36724885446995,32.092874662562785
2025-01-02 01:00:00,21.570489957216477,34.65445906754558
2025-01-02 01:05:00,15.172172835801538,56.189774541192264
2025-01-02 01:10:00,13.910568516823755,38.301607621606976
2025-01-02 01:15:00,24.549711433095922,39.19968620402399
2025-01-02 01:20:00,5.048226368254147,38.43981773193096
2025-01-02 01:25:00,20.119409122144276,46.27126368405864
2025-01-02 01:30:00,22.505506683218886,38.37018839835656
2025-01-02 01:35:00,19.92577878889667,24.561461178121213
2025-01-02 01:40:00,15.045907756663084,55.95476455617091
2025-01-02 01:45:00,23.337013803211004,32.23984608548447
2025-01-02 01:50:00,27.266796017719308,50.877818142504346
2025-01-02 01:55:00,25.964632387727782,41.94068250085373
2025-01-02 02:00:00,29.222923484674364,33.40728737791835
2025-01-02 02:05:00,13.022847476942825,42.307523432588994
2025-01-02 02:10:00,22.392327540611724,40.05395380472344
2025-01-02 02:15:00,20.079780678545053,39.97960901147676
2025-01-02 02:20:00,21.275708586183455,33.51789711850784
2025-01-02 02:25:00,10.309546539629226,35.87495150182834
2025-01-02 02:30:00,18.576870721536412,44.74474661138047
2025-01-02 02:35:00,18.261128938192176,32.052022784384654
2025-01-02 02:40:00,16.51626551581434,36.715109505643824
2025-01-02 02:45:00,18.531014046396486,33.66519549456381
2025-01-02 02:50:00,15.817665111647806,30.088957862990803
2025-01-02 02:55:00,16.16612607913163,40.65965508216775
2025-01-02 03:00:00,23.00549298354499,34.33648543874847
2025-01-02 03:05:00,24.650658036536797,27.861391086170723
2025-01-02 03:10:00,14.566853691179773,47.42371755955133
2025-01-02 03:15:00,5.989102476760376,49.59570707257945
2025-01-02 03:20:00,23.815850011164315,31.90308705336659
2025-01-02 03:25:00,22.683238029097645,31.95989921569738
2025-01-02 03:30:00,19.28127473873081,45.92657711249971
2025-01-02 03:35:00,20.666713753770512,35.061541577013806
2025-01-02 03:40:00,14.584238860644474,53.041348907525695
2025-01-02 03:45:00,24.84974817907092,32.728670615170984
2025-01-02 03:50:00,20.497115156886903,35.25406357947676
2025-01-02 03:55:00,28.700326641188056,41.671502349635205
2025-01-02 04:00:00,26.36978342409767,40.00220042615507
2025-01-02 04:05:00,14.219330277543865,48.81405572242216
2025-01-02 04:10:00,21.52611236549401,41.23762410242037
2025-01-02 04:15:00,14.4304539135826,57.69255041638321
2025-01-02 04:20:00,16.375070368001197,54.70853688672655
2025-01-02 04:25:00,20.224464479788477,29.915948711911444
2025-01-02 04:30:00,19.8228902559699,41.21811611164255
2025-01-02 04:35:00,15.853417955736813,48.37195561770939
2025-01-02 04:40:00,16.831076360767106,41.06643407224455
2025-01-02 04:45:00,31.22824871027536,32.335757047731946
2025-01-02 04:50:00,15.622861122066833,32.80206836603281
2025-01-02 04:55:00,21.947545251787083,44.41544741541823
2025-01-02 05:00:00,20.587204499422555,28.937818706660643
2025-01-02 05:05:00,19.3102054801984,34.36359216902653
2025-01-02 05:10:00,28.791742433153615,26.583435439075437
2025-01-02 05:15:00,28.61784237939203,34.807460116938
2025-01-02 05:20:00,15.40187580581714,24.02158411097861
2025-01-02 05:25:00,22.46908959790713,44.0698445761032
2025-01-02 05:30:00,22.0952071783519,43.62369436249642
2025-01-02 05:35:00,24.976992700282686,28.067017728246693
2025-01-02 05:40:00,26.65101509143991,42.44176714264916
2025-01-02 05:45:00,14.69009384372172,34.73190137855706
2025-01-02 05:50:00,23.426025915516565,30.542888332270145
2025-01-02 05:55:00,18.754862893333062,39.926694879396244
2025-01-02 06:00:00,15.895977090758091,52.311273902372065
2025-01-02 06:05:00,25.29723354076822,36.788836624859584
2025-01-02 06:10:00,20.656016665425796,39.896341477040124
2025-01-02 06:15:00,24.549505259521197,41.797354121097676
2025-01-02 06:20:00,17.072068256485665,51.10004380009977
2025-01-02 06:25:00,13.38079936001991,40.44910116423151
2025-01-02 06:30:00,4.624441094485119,37.7605838360699
2025-01-02 06:35:00,23.108588906607544,40.98768129364761
2025-01-02 06:40:00,15.290568103029788,31.657336524069315
2025-01-02 06:45:00,21.992420025334397,33.29198318041975
2025-01-02 06:50:00,25.204194198409,55.97793031622851
2025-01-02 06:55:00,21.45566452449571,38.049316525138636
2025-01-02 07:00:00,19.335421325346825,39.24812858226818
2025-01-02 07:05:00,18.624288582275867,39.27818272509367
2025-01-02 07:10:00,13.112908486390115,28.255403526462388
2025-01-02 07:15:00,15.672070097999377,45.55461939689454
2025-01-02 07:20:00,17.797372901714155,39.68118510784897
2025-01-02 07:25:00,22.922245286849968,33.01833177199756
2025-01-02 07:30:00,16.544011355700768,30.52433077311062
2025-01-02 07:35:00,26.96762801254451,38.87001259643382
2025-01-02 07:40:00,20.979390035705567,36.36210729183633
2025-01-02 07:45:00,24.190542497153984,39.926655925545944
2025-01-02 07:50:00,24.465045637731226,42.71833593523605
2025-01-02 07:55:00,19.852351565793366,37.74603953463334
2025-01-02 08:00:00,16.596615616180554,29.99586852330266
2025-01-02 08:05:00,20.800343107073207,41.91378421073191
2025-01-02 08:10:00,13.40888950563313,51.601941797401935
2025-01-02 08:15:00,18.652926598006225,35.137633151720834
2025-01-02 08:20:00,23.98746501094791,41.34982664940848
2025-01-02 08:25:00,13.931055943437041,51.875234057289475
2025-01-02 08:30:00,23.667114487132245,39.69429975190488
2025-01-02 08:35:00,17.439425249985135,44.42195644173965
2025-01-02 08:40:00,16.06826177376272,55.57299374571929
2025-01-02 08:45:00,17.826160845575565,44.97624715227882
2025-01-02 08:50:00,36.37191104974363,30.278258650939385
2025-01-02 08:55:00,22.9292921918863,45.124429465090905
2025-01-02 09:00:00,22.44376430778141,45.43861174341211
2025-01-02 09:05:00,13.635127625095889,36.598407299428985
2025-01-02 09:10:00,13.966882333198559,42.34673686278819
2025-01-02 09:15:00,14.440039582065085,46.866100131915694
2025-01-02 09:20:00,16.675184562421677,35.89995079960549
2025-01-02 09:25:00,18.165876255970943,40.69194343974816
2025-01-02 09:30:00,24.977017339831917,46.50821230741734
2025-01-02 09:35:00,17.668191727073808,37.49466954038992
2025-01-02 09:40:00,20.912845489311806,50.622990321067206
2025-01-02 09:45:00,27.777115563399747,40.24965148302559
2025-01-02 09:50:00,28.2907331836389,36.080513581783855
2025-01-02 09:55:00,19.801643087873735,41.784595447879525
2025-01-02 10:00:00,22.242195325648858,35.41932400308775
2025-01-02 10:05:00,20.626722963382782,41.249694343105176
2025-01-02 10:10:00,14.554489943830319,34.97691531781554
2025-01-02 10:15:00,15.886794303746232,48.06511786203673
2025-01-02 10:20:00,23.611948309854426,45.86427176960816
2025-01-02 10:25:00,18.217174860430088,50.026125989586156
2025-01-02 10:30:00,18.22514178356035,36.99003609582606
2025-01-02 10:35:00,22.464096983362868,28.089259119709034
2025-01-02 10:40:00,20.458358103370355,34.52291815493974
2025-01-02 10:45:00,26.463624735275484,34.38565361880068
2025-01-02 10:50:00,20.622675043784334,21.14291286680238
2025-01-02 10:55:00,15.895016285872561,43.733959384221926
2025-01-02 11:00:00,23.921616138220323,45.639403421079024
2025-01-02 11:05:00,18.056624144068074,35.43829056565004
2025-01-02 11:10:00,18.897763759604157,43.90824175882814
2025-01-02 11:15:00,18.594551297871206,35.77658250025619
2025-01-02 11:20:00,15.524697909015131,42.563612403753396
2025-01-02 11:25:00,17.292516209924386,44.49249319117172
2025-01-02 11:30:00,20.828050818517916,45.933521438288075
2025-01-02 11:35:00,16.56582856546383,44.58188095201778
2025-01-02 11:40:00,19.5833221018211,40.00913653836974
2025-01-02 11:45:00,17.608038560622607,33.08841393985999
2025-01-02 11:50:00,20.047370157718046,47.52201462139009
2025-01-02 11:55:00,24.31551773724452,36.82451955183489
2025-01-02 12:00:00,26.714238181216786,46.85755985391222
2025-01-02 12:05:00,26.792971822078208,50.26501664665267
2025-01-02 12:10:00,24.424038703526946,34.170104824407844
2025-01-02 12:15:00,12.812541362324952,22.89229263391949
2025-01-02 12:20:00,17.62284202338693,29.052543579109567
2025-01-02 12:25:00,22.739407428465963,32.3249030121388
2025-01-02 12:30:00,15.080438578754165,42.024333399863245
2025-01-02 12:35:00,15.73608835791777,51.408306545467894
2025-01-02 12:40:00,19.733611405881042,34.927939774394574
2025-01-02 12:45:00,17.812173323870223,48.0513674314521
2025-01-02 12:50:00,18.64411753429626,42.57065520950533
2025-01-02 12:55:00,21.594152218872168,26.00404297837201
2025-01-02 13:00:00,14.89057013970011,47.921751565498354
2025-01-02 13:05:00,11.169129576137752,34.078114678771755
2025-01-02 13:10:00,23.500469036321604,47.747407790074966
2025-01-02 13:15:00,27.45692775488267,53.906778409769906
2025-01-02 13:20:00,33.590762729293544,37.44321642485014
2025-01-02 13:25:00,25.72326345491473,42.767226886931844
2025-01-02 13:30:00,29.598567135504545,47.13150356151702
2025-01-02 13:35:00,18.916570699628906,35.18015068282783
2025-01-02 13:40:00,28.416731770353632,37.903865318696724
2025-01-02 13:45:00,19.160161624299114,44.96658689543276
2025-01-02 13:50:00,15.628133974656059,37.266857687338764
2025-01-02 13:55:00,20.89013858850942,36.23164520152884
2025-01-02 14:00:00,17.025538529149543,42.741290604789654
2025-01-02 14:05:00,15.503594809783477,44.31029092064167
2025-01-02 14:10:00,19.320317125565253,38.44663849665448
2025-01-02 14:15:00,22.730948910365225,37.14786119566383
2025-01-02 14:20:00,20.717883477324015,40.05811721321071
2025-01-02 14:25:00,13.557462809257572,47.77225322871132
2025-01-02 14:30:00,19.580407784763004,30.108557358356418
2025-01-02 14:35:00,16.7806737223397,35.844845467191895
2025-01-02 14:40:00,16.128120722390573,29.180287323482332
2025-01-02 14:45:00,18.216600967198637,27.920272215365404
2025-01-02 14:50:00,19.52275040590868,30.704740773870107
2025-01-02 14:55:00,18.19581492661607,47.75682100703379
2025-01-02 15:00:00,19.0841785326586,31.45481374496638
2025-01-02 15:05:00,15.590020383120901,39.972151119011286
2025-01-02 15:10:00,14.90454734554727,21.91759215552574
2025-01-02 15:15:00,18.72657197767097,40.84296313202866
2025-01-02 15:20:00,22.138523253569844,45.51630856481891
2025-01-02 15:25:00,11.458482774372747,42.182767647073355
2025-01-02 15:30:00,21.066979513597115,41.40170722360096
2025-01-02 15:35:00,26.007452993074274,46.23704801015323
2025-01-02 15:40:00,20.15318900044166,51.24311173509618
2025-01-02 15:45:00,16.83756885816144,51.975132151357485
2025-01-02 15:50:00,19.218813965045285,45.50424879854417
2025-01-02 15:55:00,11.585130646938373,58.07874923079086
2025-01-02 16:00:00,16.43077574936342,20.02942049448326
2025-01-02 16:05:00,14.516158428538969,39.595403666417376
2025-01-02 16:10:00,21.440356949045697,38.001248081759805
2025-01-02 16:15:00,28.13559546720749,34.47699628713568
2025-01-02 16:20:00,28.52364586930996,49.38547005251549
2025-01-02 16:25:00,20.796783639240708,63.493219961913226
2025-01-02 16:30:00,18.15079626440649,42.78392965854146
2025-01-02 16:35:00,28.238475745250035,53.06345360778237
2025-01-02 16:40:00,24.655110489974675,25.47741103352287
2025-01-02 16:45:00,19.14736105010097,45.891155409700474
2025-01-02 16:50:00,25.07882848303789,41.804072396024424
2025-01-02 16:55:00,15.534374816027768,34.25238927423742
2025-01-02 17:00:00,21.839367552501745,33.34204062723681
2025-01-02 17:05:00,21.975608809855537,45.37928392964036
2025-01-02 17:10:00,20.058219757476586,49.166058785083735
2025-01-02 17:15:00,20.968443811531714,40.0222379511064
2025-01-02 17:20:00,21.21290539304959,50.31314262011402
2025-01-02 17:25:00,22.16374425882591,44.4363243140574
2025-01-02 17:30:00,17.55174084770742,47.102494613070505
2025-01-02 17:35:00,28.218920246561844,43.58110186379635
2025-01-02 17:40:00,18.09036996246477,94.34629777899093
2025-01-02 17:45:00,25.862421052995536,93.89336349653145
2025-01-02 17:50:00,28.69883653206302,94.94439055769107
2025-01-02 17:55:00,22.06108817631478,97.35434804643008
2025-01-02 18:00:00,20.910443633954813,95.43506319965387
2025-01-02 18:05:00,19.53850356702974,37.62800625819696
2025-01-02 18:10:00,16.61326665677985,35.42251153199433
2025-01-02 18:15:00,18.615704825283593,48.4907655695302
2025-01-02 18:20:00,27.866913790550147,43.10645993920266
2025-01-02 18:25:00,16.725668423746512,41.41462667150653
2025-01-02 18:30:00,25.201801578409917,51.94801403748399
2025-01-02 18:35:00,21.13740343980569,45.64109254948323
2025-01-02 18:40:00,18.21600028026825,48.94365644252085
2025-01-02 18:45:00,21.14919210702403,43.582338950621015
2025-01-02 18:50:00,18.365945095802257,40.495802423002814
2025-01-02 18:55:00,25.719761349776345,48.126466434647206
2025-01-02 19:00:00,20.38248993804143,25.628714913666066
2025-01-02 19:05:00,25.438436774706773,24.1463859701207
2025-01-02 19:10:00,26.041773368556434,31.777313125806256
2025-01-02 19:15:00,26.715290793051054,37.11516500275188
2025-01-02 19:20:00,16.32575333604816,32.25710443714946
2025-01-02 19:25:00,17.6979610501276,34.82388925099177
2025-01-02 19:30:00,21.168857442409397,33.65685639589383
2025-01-02 19:35:00,12.4454042063503,35.065515444112194
2025-01-02 19:40:00,18.900922156405024,34.20246047106188
2025-01-02 19:45:00,21.469046098149875,57.89474585330974
2025-01-02 19:50:00,19.28799911816253,33.02214169398131
2025-01-02 19:55:00,26.394523034059723,49.811873820629955
2025-01-02 20:00:00,23.360554461375166,35.72828605057902
2025-01-02 20:05:00,24.43218825571971,37.20332355963677
2025-01-02 20:10:00,18.362848214253496,34.84840645033066
2025-01-02 20:15:00,26.18378407511461,37.28457571923849
2025-01-02 20:20:00,21.290775445048922,46.449327004425065
2025-01-02 20:25:00,17.190878288038792,34.39348858086057
2025-01-02 20:30:00,22.18766711515652,39.27821404138255
2025-01-02 20:35:00,11.862797119596005,49.15391548935967
2025-01-02 20:40:00,14.62698899246655,35.85560903392027
2025-01-02 20:45:00,25.551620005799222,37.607558377949346
2025-01-02 20:50:00,14.588223101251636,27.752665237515195
2025-01-02 20:55:00,24.76668311792488,50.48180454815663
2025-01-02 21:00:00,19.03191378167225,46.661344191036875
2025-01-02 21:05:00,21.512329397490863,39.55108512719163
2025-01-02 21:10:00,23.069742799621416,58.022537306880636
2025-01-02 21:15:00,19.03866678243392,39.66171184509395
2025-01-02 21:20:00,22.397639489033907,49.611046671573305
2025-01-02 21:25:00,24.965241321923997,52.38193078505026
2025-01-02 21:30:00,18.473186425102604,32.71937683550979
2025-01-02 21:35:00,17.68672828710784,37.27221181290838
2025-01-02 21:40:00,15.756750278344036,42.30000415299875
2025-01-02 21:45:00,18.66924637190973,48.61914547269008
2025-01-02 21:50:00,24.457274764922772,40.22258864139572
2025-01-02 21:55:00,15.256902669525337,54.355916334176435
2025-01-02 22:00:00,13.68117433408519,45.87428164524518
2025-01-02 22:05:00,21.925225744119956,58.28947245692997
2025-01-02 22:10:00,17.79710313939136,49.21163464395385
2025-01-02 22:15:00,20.835794000835623,44.88515093572449
2025-01-02 22:20:00,18.793913122127897,34.112057731742
2025-01-02 22:25:00,21.430059051196682,36.791742418461084
2025-01-02 22:30:00,16.93492248709161,40.03983586283383
2025-01-02 22:35:00,21.453731733779488,44.859977008856106
2025-01-02 22:40:00,15.519888173720986,39.73353219775975
2025-01-02 22:45:00,18.152296433928054,33.64354614513317
2025-01-02 22:50:00,16.508031120105283,31.654605081128352
2025-01-02 22:55:00,23.574199624955263,41.16162034821454
2025-01-02 23:00:00,24.860876456135415,40.46070868737354
2025-01-02 23:05:00,17.396461276580514,50.644616119033806
2025-01-02 23:10:00,7.025866277977766,45.554603013187474
2025-01-02 23:15:00,10.195195140490448,36.319565922712464
2025-01-02 23:20:00,30.382702262338576,46.45566162043506
2025-01-02 23:25:00,19.153371337752223,31.372664118318685
2025-01-02 23:30:00,22.71726443630886,35.656711645027784
2025-01-02 23:35:00,15.732287815754571,43.96544998467444
2025-01-02 23:40:00,24.504580845331432,36.45140501089669
2025-01-02 23:45:00,17.93206273250929,39.42591403695033
2025-01-02 23:50:00,13.875120421613822,39.49738944105435
2025-01-02 23:55:00,15.535453612862854,48.77311925392852
2025-01-03 00:00:00,22.960428455003775,39.798255357276844
2025-01-03 00:05:00,16.40764676826622,39.739010388613075
2025-01-03 00:10:00,30.344699197194394,55.53784139898684
2025-01-03 00:15:00,25.205982096256452,37.600284085155316
2025-01-03 00:20:00,22.075215774618112,39.66598860769828
2025-01-03 00:25:00,14.968849319563091,31.802169654462368
2025-01-03 00:30:00,21.172841363571266,55.1915384322224
2025-01-03 00:35:00,4.57204478543078,33.9562414492915
2025-01-03 00:40:00,32.525680819086375,39.85984698252831
2025-01-03 00:45:00,18.828981364466244,31.976318049095934
2025-01-03 00:50:00,25.97360568193506,43.22780667491932
2025-01-03 00:55:00,17.966754145653056,32.770363494269944
2025-01-03 01:00:00,14.69185293754042,28.328876310844706
2025-01-03 01:05:00,27.813647448697434,59.953755475887895
2025-01-03 01:10:00,21.02864252502425,43.46267130244064
2025-01-03 01:15:00,25.810233281368717,43.38352648360815
2025-01-03 01:20:00,19.091822043621647,55.65755329804609
2025-01-03 01:25:00,10.327488309728,36.537308645056726
2025-01-03 01:30:00,18.732922918716806,33.662297648124735
2025-01-03 01:35:00,17.029458970257203,45.32105738051356
2025-01-03 01:40:00,21.600395837046133,46.83708077920366
2025-01-03 01:45:00,26.22678260055186,40.15785310816187
2025-01-03 01:50:00,9.438056829505875,35.248638070388274
2025-01-03 01:55:00,18.728680369165197,31.56734886653633
2025-01-03 02:00:00,16.44231365795745,27.808752161875624
2025-01-03 02:05:00,15.982483456309806,46.63660981981704
2025-01-03 02:10:00,19.526245817908535,48.920434349748334
2025-01-03 02:15:00,14.544599046219533,33.1714462828617
2025-01-03 02:20:00,25.234729503574933,28.46524525242343
2025-01-03 02:25:00,13.78820768552688,42.9434022413131
2025-01-03 02:30:00,15.103824600485677,31.942972974401215
2025-01-03 02:35:00,19.805723760646853,51.344973624443035
2025-01-03 02:40:00,10.152282267303677,24.06990529043103
2025-01-03 02:45:00,16.82541151976155,33.75232157575385
2025-01-03 02:50:00,11.732290451015874,46.79740977703103
2025-01-03 02:55:00,18.809703435780897,38.69579546004698
2025-01-03 03:00:00,17.540463453001003,53.421207592108246
2025-01-03 03:05:00,26.914354586436264,40.20636744826112
2025-01-03 03:10:00,21.26217779574496,38.60114719134147
2025-01-03 03:15:00,12.938371758295832,34.51800031694679
2025-01-03 03:20:00,17.70367126377451,41.76865838769551
2025-01-03 03:25:00,17.435949485426168,46.53496399297087
2025-01-03 03:30:00,22.553969852438748,50.90662384853819
2025-01-03 03:35:00,19.511015343606903,30.120901742864554
2025-01-03 03:40:00,25.905038486290472,36.465616728036274
2025-01-03 03:45:00,29.17252785042972,45.95030665833399
2025-01-03 03:50:00,22.327555433543765,38.64732465946026
2025-01-03 03:55:00,20.99267553826106,57.79646229250724
2025-01-03 04:00:00,23.781244782798275,35.65167210424858
2025-01-03 04:05:00,24.20438300327301,37.53409159833779
2025-01-03 04:10:00,21.254295435647734,32.770701348751516
2025-01-03 04:15:00,21.103986622010233,38.0506872334321
2025-01-03 04:20:00,13.547790752605035,35.71392176489518
2025-01-03 04:25:00,23.47576836871348,49.423080561702044
2025-01-03 04:30:00,14.129411225479537,33.93480245080311
2025-01-03 04:35:00,27.430306064616563,28.130912563165104
2025-01-03 04:40:00,20.003120473731176,38.779574860549666
2025-01-03 04:45:00,27.15114581257074,50.51763734407823
2025-01-03 04:50:00,14.984299530793486,35.54873090223228
2025-01-03 04:55:00,27.339485393200967,24.668399510238146
2025-01-03 05:00:00,16.159507482055115,28.76246312976659
2025-01-03 05:05:00,18.937800019975935,44.97419428099464
2025-01-03 05:10:00,21.977843116430137,40.43930220393335
2025-01-03 05:15:00,22.680274762605745,37.69548797751887
2025-01-03 05:20:00,21.668805733177432,48.71277942820244
2025-01-03 05:25:00,16.056622949761373,49.95163138140031
2025-01-03 05:30:00,18.821828715631177,51.14425123198899
2025-01-03 05:35:00,19.666351258301408,42.59489573480619
2025-01-03 05:40:00,21.82299731467176,44.60772952393247
2025-01-03 05:45:00,23.392085013768728,48.9950713627056
2025-01-03 05:50:00,27.5548424934181,37.936605477810176
2025-01-03 05:55:00,17.540059862108798,49.845402358427556
2025-01-03 06:00:00,21.63723642088127,28.52089925332156
2025-01-03 06:05:00,20.179576640954096,41.22242733708433
2025-01-03 06:10:00,19.986589819953306,41.440942529368016
2025-01-03 06:15:00,15.074701645868608,30.244602817104447
2025-01-03 06:20:00,14.891097260179091,32.585354719984004
2025-01-03 06:25:00,12.609566406768664,42.318010476308864
2025-01-03 06:30:00,15.866655076480717,27.554306820468373
2025-01-03 06:35:00,19.134275486976676,35.08112765209667
2025-01-03 06:40:00,28.491578748503755,41.91875142357819
2025-01-03 06:45:00,17.130964931060596,42.4474425638867
2025-01-03 06:50:00,17.265099409121603,47.8787875130391
2025-01-03 06:55:00,17.523925505366734,30.917461024625368
2025-01-03 07:00:00,24.669341055768435,28.244681894904414
2025-01-03 07:05:00,24.036898196089886,43.30880803049592
2025-01-03 07:10:00,20.408715824167484,39.678201309327385
2025-01-03 07:15:00,21.46117772102427,45.15466832019483
2025-01-03 07:20:00,16.786226439762373,45.0556291095578
2025-01-03 07:25:00,20.35527629414639,40.44630761951739
2025-01-03 07:30:00,21.97761270148849,41.042540787359194
2025-01-03 07:35:00,19.22711372449894,60.226319712167445
2025-01-03 07:40:00,17.68026625239632,41.76339094310681
2025-01-03 07:45:00,29.991183723974963,46.885629219344594
2025-01-03 07:50:00,27.326255899933848,24.898136252189392
2025-01-03 07:55:00,21.871674156001713,51.27346749822397
2025-01-03 08:00:00,25.313073505495804,48.63052086261775
2025-01-03 08:05:00,15.742442708739121,36.88323941215243
2025-01-03 08:10:00,12.898389990921725,43.34081065112419
2025-01-03 08:15:00,17.686518093657345,38.44102459898089
2025-01-03 08:20:00,18.845062945994187,36.747598420169425
2025-01-03 08:25:00,11.944576290066822,45.9182056470786
2025-01-03 08:30:00,15.29667982345458,46.49221707247737
2025-01-03 08:35:00,21.382274719686347,40.17905942589154
2025-01-03 08:40:00,23.953613904991954,48.082366520753716
2025-01-03 08:45:00,28.421656159445178,42.9887164030549
2025-01-03 08:50:00,21.06193147211851,43.529837703181784
2025-01-03 08:55:00,19.4893794216347,55.93236834620066
2025-01-03 09:00:00,24.113087610795368,37.31263616032608
2025-01-03 09:05:00,19.114455199187184,26.901020898548076
2025-01-03 09:10:00,18.650223994197525,30.239270875098295
2025-01-03 09:15:00,22.726297199485433,32.80201772336452
2025-01-03 09:20:00,23.900454526954288,52.70815918745979
2025-01-03 09:25:00,19.220453567619042,35.12124906291441
2025-01-03 09:30:00,26.58836698217393,34.2457314510969
2025-01-03 09:35:00,30.464539545395134,43.68894235041412
2025-01-03 09:40:00,29.217697556751848,42.33132762527794
2025-01-03 09:45:00,21.222337967747755,38.24365618322317
2025-01-03 09:50:00,21.73207591707497,33.069084018104896
2025-01-03 09:55:00,14.226143127110188,49.6335635324526
2025-01-03 10:00:00,22.082432563088116,42.4896624065042
2025-01-03 10:05:00,23.90139681291862,44.11703644895738
2025-01-03 10:10:00,30.25890351931129,34.55074958855833
2025-01-03 10:15:00,17.383119973806473,29.936051382493957
2025-01-03 10:20:00,21.97622290535307,42.96919738663105
2025-01-03 10:25:00,23.56169305268367,28.68649295040798
2025-01-03 10:30:00,17.58308650808089,43.79277436076115
2025-01-03 10:35:00,15.425786014149782,30.50961412008811
2025-01-03 10:40:00,25.432499447776692,32.483582965731834
2025-01-03 10:45:00,29.521899303513848,60.3172420065681
2025-01-03 10:50:00,22.457043692743554,48.333008324238534
2025-01-03 10:55:00,17.35818571884608,46.257333133838145
2025-01-03 11:00:00,18.84065025735427,40.837540126853554
2025-01-03 11:05:00,23.505831337230486,36.70035807610495
2025-01-03 11:10:00,22.59883608317925,33.959110430543376
2025-01-03 11:15:00,21.49792192477366,24.550046328680104
2025-01-03 11:20:00,12.674690057708826,46.237161983007056
2025-01-03 11:25:00,16.80175552969788,38.746874853524886
2025-01-03 11:30:00,19.508239029392378,34.880505762219
2025-01-03 11:35:00,22.498248773321627,30.67779720175134
2025-01-03 11:40:00,14.628257627269118,42.82848550618119
2025-01-03 11:45:00,20.18194545905479,29.92674133391838
2025-01-03 11:50:00,16.60612596016824,38.4418978274395
2025-01-03 11:55:00,25.599442331941688,45.615858091454776
2025-01-03 12:00:00,21.778581581753734,45.62591833964065
2025-01-03 12:05:00,19.60294650049457,28.83510716311065
2025-01-03 12:10:00,17.114115810902497,45.09979455484275
2025-01-03 12:15:00,18.900472170434732,31.993083189252054
2025-01-03 12:20:00,16.916710004409314,31.571507017824157
2025-01-03 12:25:00,10.83516596506676,46.9072800485962
2025-01-03 12:30:00,19.246927151777133,35.99499711986482
2025-01-03 12:35:00,16.038138262323663,41.06412357521523
2025-01-03 12:40:00,31.043798261749203,39.38943751814504
2025-01-03 12:45:00,18.03111458132786,40.70610205612457
2025-01-03 12:50:00,21.020865252847152,35.03614709625434
2025-01-03 12:55:00,19.905729085949154,47.803448264003585
2025-01-03 13:00:00,11.377074500261843,30.101227428760723
2025-01-03 13:05:00,20.173565249544268,53.902416480022396
2025-01-03 13:10:00,29.96119721011934,44.99171770516285
2025-01-03 13:15:00,16.783213010915738,39.99549849742545
2025-01-03 13:20:00,20.64956511893694,32.65083918498917
2025-01-03 13:25:00,12.568832800838717,40.61501136078888
2025-01-03 13:30:00,22.335024061648994,42.182569428984955
2025-01-03 13:35:00,16.89908452086254,53.615390524121246
2025-01-03 13:40:00,32.10944744795453,36.170512416829375
2025-01-03 13:45:00,22.36085474894589,28.189516542251006
2025-01-03 13:50:00,17.482738402466406,20.656363128267678
2025-01-03 13:55:00,19.0577814440456,41.44675459102334
2025-01-03 14:00:00,18.48727499258253,38.89204199355562
2025-01-03 14:05:00,20.955664982859357,36.279178005304445
2025-01-03 14:10:00,12.036645132908426,41.33580720509667
2025-01-03 14:15:00,27.099899680666987,25.24084259497556
2025-01-03 14:20:00,19.207067614895568,23.54898341805
2025-01-03 14:25:00,27.42527475293015,39.781377927600495
2025-01-03 14:30:00,14.138377950489275,39.88075491453279
2025-01-03 14:35:00,17.611721854386715,24.514458029291767
2025-01-03 14:40:00,19.310065829460115,45.304082250841624
2025-01-03 14:45:00,27.317161724933275,34.92133587492343
2025-01-03 14:50:00,27.4750227913597,38.234253528284874
2025-01-03 14:55:00,20.743133551244004,44.38926928578468
2025-01-03 15:00:00,30.672563743125707,37.97755115054845
2025-01-03 15:05:00,17.301552409726686,42.74648272254177
2025-01-03 15:10:00,28.12145715450984,28.157706330360515
2025-01-03 15:15:00,16.79982861872403,43.85292159680047
2025-01-03 15:20:00,16.382950165656307,28.909486824199256
2025-01-03 15:25:00,16.39713699421233,42.060065986865986
2025-01-03 15:30:00,26.053981640321982,46.7957276862219
2025-01-03 15:35:00,26.636350087504155,49.265590084305956
2025-01-03 15:40:00,27.27738523648059,36.69242290382409
2025-01-03 15:45:00,25.533124189723605,40.92197289730568
2025-01-03 15:50:00,8.579524264000986,40.97915887402008
2025-01-03 15:55:00,11.427652474923985,33.70173177369235
2025-01-03 16:00:00,17.961276538282423,47.20540793958346
2025-01-03 16:05:00,9.139157385558761,42.73009523004127
2025-01-03 16:10:00,16.420147870145804,35.277251064183496
2025-01-03 16:15:00,17.526298983823732,49.378434561540466
2025-01-03 16:20:00,22.263525071661764,42.767041943484
2025-01-03 16:25:00,22.275818074591605,47.64499610483022
2025-01-03 16:30:00,11.011231400589857,36.102273210228525
2025-01-03 16:35:00,22.659212833020074,33.928457272179806
2025-01-03 16:40:00,27.714631906594008,39.06220488272134
2025-01-03 16:45:00,16.18902814295042,55.718386180432525
2025-01-03 16:50:00,26.76869779191923,40.84296888807646
2025-01-03 16:55:00,11.490967811193574,34.5997806783446
2025-01-03 17:00:00,21.187206430461618,29.03016561081595
2025-01-03 17:05:00,14.976032293256614,31.037255949727054
2025-01-03 17:10:00,22.576140664751698,33.88202760224272
2025-01-03 17:15:00,19.048840048455034,29.76470654944454
2025-01-03 17:20:00,29.486349589979874,33.729533436032426
2025-01-03 17:25:00,21.22461492043132,43.79066185228866
2025-01-03 17:30:00,22.16548327759828,45.136226291915854
2025-01-03 17:35:00,18.39434985656127,46.87583388704657
2025-01-03 17:40:00,12.065877392801776,51.21433115099099
2025-01-03 17:45:00,23.95803178534117,38.83036377635128
2025-01-03 17:50:00,22.919812542453027,50.7764293034129
2025-01-03 17:55:00,15.291810810626902,36.28684593648139
2025-01-03 18:00:00,19.161074499557483,34.52219390105773
2025-01-03 18:05:00,12.10786188520402,25.178669417005736
2025-01-03 18:10:00,15.64501007214963,36.36245692885351
2025-01-03 18:15:00,20.994964239473994,31.53485290895003
2025-01-03 18:20:00,33.18110584025086,37.709806917089516
2025-01-03 18:25:00,14.357671528234587,23.388170037083658
2025-01-03 18:30:00,21.595692222509474,40.98716822293905
2025-01-03 18:35:00,21.385766901240515,33.36987382083265
2025-01-03 18:40:00,11.121108900267311,53.47479406519292
2025-01-03 18:45:00,15.013808667007657,50.76235549659777
2025-01-03 18:50:00,25.881462539820582,41.07456039485909
2025-01-03 18:55:00,17.722145496849368,40.945714030429066
2025-01-03 19:00:00,14.28741663670057,45.291384472275084
2025-01-03 19:05:00,20.537663765055463,44.620683324203554
2025-01-03 19:10:00,25.513398124230356,38.34923030589087
2025-01-03 19:15:00,15.817423400280855,44.52390124091442
2025-01-03 19:20:00,21.0163747228044,31.675755108958754
2025-01-03 19:25:00,12.771445365452367,31.751602886153854
2025-01-03 19:30:00,25.623235762676106,43.181287309787834
2025-01-03 19:35:00,21.544874018274342,56.843373488521706
2025-01-03 19:40:00,23.55825449638211,52.75755381498337
2025-01-03 19:45:00,15.990262397619542,36.33610477511219
2025-01-03 19:50:00,17.73237610652044,41.90885061602525
2025-01-03 19:55:00,19.85100766041754,35.30605266140935
2025-01-03 20:00:00,19.644104881950685,45.287664746730826
2025-01-03 20:05:00,12.973415832892062,36.76065987430632
2025-01-03 20:10:00,14.01558038053749,48.23869669697091
2025-01-03 20:15:00,26.051244023123164,40.38003099789954
2025-01-03 20:20:00,17.57456965220924,40.010192021287295
2025-01-03 20:25:00,16.993990968504946,44.54093643908218
2025-01-03 20:30:00,18.47471495126916,42.539103374022524
2025-01-03 20:35:00,16.585115735568948,43.543224566053205
2025-01-03 20:40:00,25.65052006687064,51.30048513352988
2025-01-03 20:45:00,21.801609359173938,43.62505730185273
2025-01-03 20:50:00,20.295607651112032,23.782379602555245
2025-01-03 20:55:00,14.445668213105627,41.95496402575131
2025-01-03 21:00:00,25.97334163051234,39.79455402762531
2025-01-03 21:05:00,10.746926507577912,50.70144526101184
2025-01-03 21:10:00,25.856233894910574,46.69943386459333
2025-01-03 21:15:00,24.21409486822842,33.163330197660514
2025-01-03 21:20:00,17.955355311355557,47.081738434429575
2025-01-03 21:25:00,22.249136006110994,42.534594851420295
2025-01-03 21:30:00,16.073109132992,31.977162239018696
2025-01-03 21:35:00,22.181902014110694,35.59525182153209
2025-01-03 21:40:00,23.924886382261683,49.17943938742952
2025-01-03 21:45:00,15.645537830146633,35.7814671825637
2025-01-03 21:50:00,15.75083148338082,36.43366296962986
2025-01-03 21:55:00,32.42485577615574,43.14945287613673
2025-01-03 22:00:00,27.77102611444873,36.475699127115554
2025-01-03 22:05:00,12.79143073791925,40.965708907805706
2025-01-03 22:10:00,11.498000363029014,38.3003811196455
2025-01-03 22:15:00,17.09855346657458,37.10741942641683
2025-01-03 22:20:00,21.291781993765127,43.063907447106935
2025-01-03 22:25:00,25.62667701141724,44.936376858551704
2025-01-03 22:30:00,27.426734886159203,37.403441163330776
2025-01-03 22:35:00,24.36945428609251,41.93239665120802
2025-01-03 22:40:00,16.278596288233942,46.69212273251629
2025-01-03 22:45:00,23.711673953780398,46.63874395772939
2025-01-03 22:50:00,26.796998607147682,39.22644476487375
2025-01-03 22:55:00,6.428878195262069,39.739781534833654
2025-01-03 23:00:00,15.19542050837454,39.98054442579838
2025-01-03 23:05:00,21.26178643812024,41.634202759344745
2025-01-03 23:10:00,18.619006703307,42.096961286636045
2025-01-03 23:15:00,24.53295502593572,39.064013002853585
2025-01-03 23:20:00,16.84804135938354,36.506647881629746
2025-01-03 23:25:00,25.600630289314005,49.83703968151911
2025-01-03 23:30:00,23.017192146771805,46.15529312880698
2025-01-03 23:35:00,17.091620794707747,50.063498078480116
2025-01-03 23:40:00,19.49705892415332,44.855390345087564
2025-01-03 23:45:00,15.667081139377787,32.5863365680066
2025-01-03 23:50:00,18.160108026091706,37.354746776999654
2025-01-03 23:55:00,22.6407634167531,45.15826342319329
2025-01-04 00:00:00,23.981957228538462,36.43543224244476
2025-01-04 00:05:00,23.558755218399547,51.54959549416798
2025-01-04 00:10:00,8.440453950507429,41.25298693353342
2025-01-04 00:15:00,19.512027145917358,43.234104602772824
2025-01-04 00:20:00,25.15861610150019,33.9368801647115
2025-01-04 00:25:00,11.613960395214448,34.87407283534472
2025-01-04 00:30:00,20.650179171313777,35.447852484674264
2025-01-04 00:35:00,20.36385626874207,34.932121107904884
2025-01-04 00:40:00,23.003468662926164,33.91833389797749
2025-01-04 00:45:00,18.047496998381128,58.75325089552964
2025-01-04 00:50:00,15.040797374608015,57.238099224905866
2025-01-04 00:55:00,20.155329805483458,49.19655383655869
2025-01-04 01:00:00,22.62097236465194,42.73707197914359
2025-01-04 01:05:00,23.52175467751962,37.53652056241265
2025-01-04 01:10:00,19.13424420155329,49.60003344854787
2025-01-04 01:15:00,22.157952671242608,42.91658737320412
2025-01-04 01:20:00,19.52853435407279,43.10962445830576
2025-01-04 01:25:00,22.390882157412932,39.04653102065535
2025-01-04 01:30:00,15.938132075721516,40.88434336760412
2025-01-04 01:35:00,14.178870338866446,43.86593258775526
2025-01-04 01:40:00,18.913486392255685,46.21473753578758
2025-01-04 01:45:00,20.840458020286345,31.542442141069998
2025-01-04 01:50:00,26.82235398753983,22.258493959766678
2025-01-04 01:55:00,29.68609239060472,44.33505259889312
2025-01-04 02:00:00,13.44151477769702,34.417293114367254
2025-01-04 02:05:00,21.59549564233584,33.17067954668827
2025-01-04 02:10:00,18.445116535684047,32.655869745127866
2025-01-04 02:15:00,25.58023581748984,35.267279965173806
2025-01-04 02:20:00,28.367880693539885,46.55856556033548
2025-01-04 02:25:00,25.779551432952488,40.30344331314902
2025-01-04 02:30:00,13.991304373683311,59.611846203492355
2025-01-04 02:35:00,10.257459944733874,31.557820812403392
2025-01-04 02:40:00,14.541562878417778,48.778145457091654
2025-01-04 02:45:00,16.39639424440293,23.630176802372972
2025-01-04 02:50:00,24.063553224252683,37.88493111120346
2025-01-04 02:55:00,27.08946838007998,42.84988980006464
2025-01-04 03:00:00,16.290376195017338,37.36878088627202
2025-01-04 03:05:00,19.28167941294659,38.644921839324844
2025-01-04 03:10:00,29.242125757080807,40.13663742860234
2025-01-04 03:15:00,13.623165698507847,31.783859359112697
2025-01-04 03:20:00,19.522005735259633,23.956277829600783
2025-01-04 03:25:00,22.097044079358735,35.830716001156034
2025-01-04 03:30:00,16.959495090963266,34.24526980952743
2025-01-04 03:35:00,18.613585502580957,25.918668424341007
2025-01-04 03:40:00,37.19690457682999,43.05252978549333
2025-01-04 03:45:00,19.554562484059367,41.0846547665892
2025-01-04 03:50:00,20.445003181398096,31.648867879330403
2025-01-04 03:55:00,24.224507773469547,36.32791165770131
2025-01-04 04:00:00,20.16727965981795,46.35522398156701
2025-01-04 04:05:00,14.206816508001634,42.289866819298
2025-01-04 04:10:00,24.834385783324716,43.87296764431942
2025-01-04 04:15:00,12.40333249007736,48.53245541737474
2025-01-04 04:20:00,11.97367814415506,33.65788344981961
2025-01-04 04:25:00,19.244515923473447,47.79042313244483
2025-01-04 04:30:00,16.592933625669946,49.5324601193174
2025-01-04 04:35:00,29.85218969760007,37.129210089579864
2025-01-04 04:40:00,19.71037118569325,42.21223898317178
2025-01-04 04:45:00,29.264800479583776,30.52903592481232
2025-01-04 04:50:00,15.226547043805716,48.66613117139545
2025-01-04 04:55:00,24.876332986523657,38.46413051951804
2025-01-04 05:00:00,21.33730910468086,49.40398325331431
2025-01-04 05:05:00,20.350550241977654,30.00427944038117
2025-01-04 05:10:00,20.293931879408543,31.91413923443081
2025-01-04 05:15:00,35.32313159591665,43.26755431439732
2025-01-04 05:20:00,14.308106273040789,36.85409315421622
2025-01-04 05:25:00,14.174506719430731,43.68846228903665
2025-01-04 05:30:00,27.02113605363835,47.611961195053134
2025-01-04 05:35:00,19.86964786333645,27.644074875478672
2025-01-04 05:40:00,19.541939790920114,26.398276523345622
2025-01-04 05:45:00,19.875499240778836,44.19239511019767
2025-01-04 05:50:00,20.218075070843078,36.08594277221196
2025-01-04 05:55:00,21.895700354286237,35.99382832684943
2025-01-04 06:00:00,19.465934651489786,50.71555261677961
2025-01-04 06:05:00,19.129457913908006,39.60420854301924
2025-01-04 06:10:00,15.663139033655927,61.361997599092135
2025-01-04 06:15:00,13.35709310311005,52.325362836513996
2025-01-04 06:20:00,21.64515646212794,47.677460143474235
2025-01-04 06:25:00,19.053399630419108,37.99802124079274
2025-01-04 06:30:00,19.67020847790077,41.127367497278065
2025-01-04 06:35:00,16.51537674961677,35.03957079569174
2025-01-04 06:40:00,19.00131839818183,34.45741878172759
2025-01-04 06:45:00,25.427940459009605,26.483613077936802
2025-01-04 06:50:00,32.54508303279617,39.8472402908721
2025-01-04 06:55:00,23.638947129753,27.692347434286297
2025-01-04 07:00:00,14.46493079365235,42.46090018865655
2025-01-04 07:05:00,18.240723128393807,55.07366362460746
2025-01-04 07:10:00,15.507056739362024,31.272407417440515
2025-01-04 07:15:00,13.436713341086666,33.71021799855231
2025-01-04 07:20:00,16.57059478050824,31.113306442831103
2025-01-04 07:25:00,15.256597662899615,36.34621579837132
2025-01-04 07:30:00,15.393690510270204,47.42079768571305
2025-01-04 07:35:00,18.22367616036681,50.444033903476424
2025-01-04 07:40:00,14.957843094946547,45.87932953837611
2025-01-04 07:45:00,18.55636978745599,44.51510478523898
2025-01-04 07:50:00,15.105664924060829,50.8788021964183
2025-01-04 07:55:00,24.534624245241748,27.440780258365884
2025-01-04 08:00:00,14.834849081824098,48.675334541971196
2025-01-04 08:05:00,13.35302657034946,35.54756829319015
2025-01-04 08:10:00,18.592892383755213,53.30112529011957
2025-01-04 08:15:00,17.831395351579456,49.602243143489986
2025-01-04 08:20:00,20.09507715569931,44.60285953397229
2025-01-04 08:25:00,19.68449788105946,35.95715943292932
2025-01-04 08:30:00,7.170534607074812,51.81216181417835
2025-01-04 08:35:00,23.991009803105054,50.57429963621269
2025-01-04 08:40:00,15.986154864659465,39.43555747591781
2025-01-04 08:45:00,19.207842983252235,29.348732590257196
2025-01-04 08:50:00,16.830708990251733,36.58724074702322
2025-01-04 08:55:00,22.346488018371794,34.286184458259406
2025-01-04 09:00:00,13.0120165631164,43.24898656167461
2025-01-04 09:05:00,14.322569903925995,40.948206436247276
2025-01-04 09:10:00,22.669225807502613,45.01309489142605
2025-01-04 09:15:00,19.7613002775037,44.85293506406745
2025-01-04 09:20:00,24.753316435708165,49.73117174528359
2025-01-04 09:25:00,18.106151744239817,43.24668406044821
2025-01-04 09:30:00,18.784150032521175,42.148027749876896
2025-01-04 09:35:00,15.634724888260177,43.67588362670832
2025-01-04 09:40:00,15.773122312188761,43.9318960966507
2025-01-04 09:45:00,9.495458836178459,32.39166146723593
2025-01-04 09:50:00,20.311795940710606,44.091609805526176
2025-01-04 09:55:00,15.955587620905778,43.476509599759815
2025-01-04 10:00:00,30.877229601175546,50.96216870830834
2025-01-04 10:05:00,20.079207889174697,32.7750420109347
2025-01-04 10:10:00,22.269020949307205,46.56922389289651
2025-01-04 10:15:00,14.610929074960612,43.24516959445759
2025-01-04 10:20:00,17.106404546926427,54.145931052503364
2025-01-04 10:25:00,22.816036598382105,42.29449682361113
2025-01-04 10:30:00,23.95038135255712,35.475935420467195
2025-01-04 10:35:00,20.01857829276145,39.7348050926813
2025-01-04 10:40:00,18.676660421827993,39.020700577397136
2025-01-04 10:45:00,14.074925700043295,41.56239670615819
2025-01-04 10:50:00,17.43597878153521,46.70676847050343
2025-01-04 10:55:00,20.990523949217547,41.57743283944692
2025-01-04 11:00:00,25.871968598375847,34.41936467244057
2025-01-04 11:05:00,21.90145323746065,32.83298787198608
2025-01-04 11:10:00,25.04812306475765,36.53283715182086
2025-01-04 11:15:00,13.20343610357203,42.39726591824133
